,size,depth,capability,distinction,kendall_tau
0,14063,2,"Synthesizing and conveying culturally nuanced, empathetic, and adaptive communication across diverse contexts and media",Culturally nuanced and adaptive communication,0.8313492063492064
1,3147,3,"Synthesizing and conveying innovative, multilingual, and culturally nuanced content through creative communication and adaptive language mastery across diverse contexts and media.",Multilingual and innovative content creation,0.7133639317954101
2,151,4,"Generating innovative, culturally relevant, and contextually inspired names and brand identities through creative wordplay and design techniques.",Culturally inspired brand identity creation,0.33396524543292466
3,243,4,Simplifying and conveying complex concepts clearly and engagingly for diverse audiences,Simplified communication of complex concepts,-0.1536439412067861
4,165,5,"Simplifying and explaining complex concepts using clear, engaging, and relatable methods",Engagingly explaining complex concepts,0.04458225700602823
5,434,4,"Synthesizing and creating innovative, multilingual, and interactive content across diverse domains",Innovative multilingual interactive content creation,0.1872589473723435
6,169,5,"Creating innovative and engaging content across educational, cognitive, and professional domains",Engaging content across diverse domains,0.14865122502276013
7,109,6,Leveraging AI-driven strategies for innovative content creation and cognitive enhancement,AI-driven content and cognitive innovation,0.06561055866776394
8,113,5,"Synthesizing and communicating concise, clear, and effective multilingual information",Multilingual information synthesis,0.1923718464668096
9,152,5,"Creating and managing innovative, interactive multimedia content through advanced technical, creative, and cultural programming techniques.",Innovative multimedia content creation,0.12413793921218597
10,106,4,Creating intricate and detailed visual representations using ASCII art and programming logic,Intricate ASCII art and programming visuals,0.16156148161774686
11,235,4,"Facilitating multilingual and artistic expression through adaptive language mastery, creative media, and innovative communication techniques",Adaptive multilingual artistic expression,0.3938562845997145
12,351,4,"Synthesizing and conveying complex, culturally nuanced linguistic concepts creatively and humorously across diverse contexts and languages",Creative synthesis of complex cultural concepts,0.42403324643631046
13,57,5,Interpreting and synthesizing linguistic and cultural nuances across diverse contexts,Cultural nuance interpretation,
14,384,4,"Facilitating multilingual translation and adaptation with cultural, contextual, and technical precision across diverse linguistic contexts",Culturally precise multilingual translation and adaptation,0.2888827860487977
15,169,5,Translating and adapting language with cultural and contextual accuracy across diverse linguistic contexts,Contextually accurate language adaptation,0.17186849354777853
16,146,5,"Translating and adapting diverse texts with cultural, contextual, and technical precision.",Culturally precise text adaptation,0.3348399531367577
17,433,4,"Enhancing and refining communication for clarity, accuracy, coherence, stylistic preservation, and audience-focused effectiveness",Refined communication for clarity and audience focus,0.1787797109534659
18,144,5,"Enhancing and refining written communication for clarity, accuracy, coherence, and stylistic preservation",Written clarity and stylistic coherence,0.21194870751229447
19,289,5,Enhancing and refining clarity and effectiveness in multilingual and audience-focused communication,Multilingual audience-focused clarity,0.14679454346424986
20,174,6,Enhancing and refining clarity and effectiveness in diverse written and multilingual communication,Effectiveness in multilingual written communication,-0.09188934763267227
21,115,7,Enhancing and refining communication clarity and effectiveness across languages,Cross-language communication clarity,-0.014138601415098047
22,115,6,"Enhancing and refining communication and content for clarity, precision, and audience comprehension",Clarity and precision in audience comprehension,0.09560676831424693
23,380,4,Mastering advanced text manipulation and creative linguistic expression across diverse contexts and languages.,Advanced text manipulation and creative expression,0.2750966934913916
24,107,5,Constructing contextually rich and grammatically precise sentences with creative linguistic patterns and thematic coherence across various languages and constraints.,Contextually rich multilingual sentence construction,0.17960530202677488
25,430,4,Enhancing multilingual and contextual language understanding and interpretation,Multilingual contextual language interpretation,0.27169012288512046
26,176,5,Enhancing multilingual and contextual language processing and response generation through advanced natural language understanding and optimization techniques.,Optimized multilingual response generation,0.05693013266931571
27,254,5,Analyzing and interpreting linguistic complexities and nuances across contexts and languages,Cross-context linguistic nuance analysis,0.31029346612632946
28,2956,3,Synthesizing and interpreting complex narratives and cultural dynamics for comprehensive and empathetic communication,Interpreting complex cultural narratives,0.6882169457157974
29,130,4,Evaluating and managing ethical implications and appropriateness in diverse creative and communicative contexts,Ethical evaluation in communication contexts,-0.05792743571415877
30,121,4,Analyzing and interpreting humor and cultural narratives through diverse elements and contexts,Humor and cultural narrative analysis,0.008552633429846425
31,343,4,"Synthesizing and articulating complex concepts through analytical, creative, and interdisciplinary dialogue",Interdisciplinary concept articulation,0.11114094360221416
32,225,5,"Synthesizing and articulating complex philosophical, spiritual, and cultural concepts through analysis and dialogue","Analytical dialogue on philosophical, spiritual, and cultural concepts",-0.2153840988250378
33,113,6,Synthesizing and articulating complex philosophical concepts and analyses across diverse contexts,Synthesizing philosophical concepts across contexts,
34,118,5,"Synthesizing and articulating complex and abstract concepts through creative, analytical, and interdisciplinary approaches",Creative and interdisciplinary synthesis of abstract concepts,-0.22696770545436057
35,313,4,Analyzing and interpreting complex linguistic and contextual nuances for comprehensive understanding,Linguistic nuance analysis,0.052070251372431785
36,70,5,"Conducting comprehensive analysis and interpretation of linguistic, cultural, and societal contexts across diverse disciplines","Linguistic, cultural, and societal context analysis",-0.10072203103706698
37,62,6,"Analyzing and interpreting linguistic, cultural, and societal contexts and transformations",Interpreting cultural and societal transformations,-0.10417568503529676
38,111,5,Analyzing and interpreting complex language for ethical and contextual understanding,Ethical and contextual language interpretation,-0.052487138594490564
39,106,6,Analyzing and interpreting complex and nuanced language,Complex language analysis,-0.052487138594490564
40,104,7,Analyzing and interpreting diverse and complex language for comprehensive clarity,Comprehensive clarity in diverse language,-0.05601234345705997
41,308,4,"Synthesizing and analyzing complex narratives for comprehensive, empathetic, and evidence-based communication",Empathetic narrative synthesis,0.08845098103190469
42,285,4,"Interpreting, analyzing, and synthesizing complex emotional, symbolic, and communicative dynamics across diverse human and artificial contexts",Emotional and symbolic dynamic interpretation,0.18569533817705183
43,107,5,"Interpreting and synthesizing complex communication, psychological, and artistic dynamics across diverse contexts",Complex communication and artistic synthesis,0.17103241371388922
44,160,5,Interpreting and analyzing emotional and symbolic narratives across diverse contexts,Emotional and symbolic narrative analysis,-0.02631700450655757
45,100,6,"Interpreting and analyzing diverse emotional, psychological, and communicative contexts",Emotional and psychological context analysis,0.0032948437327682332
46,95,7,Interpreting emotional and psychological meanings across diverse historical and narrative contexts,Decoding emotional and psychological narratives,0.0032948437327682332
47,89,8,Analyzing and interpreting emotional and psychological dynamics across diverse contexts and narratives,Emotional and psychological dynamics analysis,0.0032948437327682332
48,670,4,"Analyzing and synthesizing complex narratives and thematic elements across diverse contexts for cultural, emotional, and immersive understanding",Cross-context narrative and theme analysis,0.5170573061368389
49,167,5,Analyzing and synthesizing narratives and their elements,Narrative and element synthesis,0.026966904948623232
50,77,6,Analyzing and synthesizing narratives and media elements,Narratives and media analysis,0.06621435707042876
51,325,5,Analyzing and synthesizing complex narratives and thematic elements across diverse media and formats for cultural and emotional understanding,Cultural and emotional narrative analysis across media,0.10642181233631376
52,64,6,Analyzing and synthesizing complex narratives for thematic and cultural understanding,Narrative analysis for cultural themes,0.0485571951849811
53,354,4,"Synthesizing and interpreting lyrical, thematic, and cultural elements for comprehensive and contextual insights",Lyrical and cultural element synthesis,0.12030291829322425
54,291,5,"Synthesizing and analyzing literary, thematic, and cultural elements across diverse texts and media for contextual and emotional insights",Contextual and emotional synthesis across texts and media,0.06136168149805808
55,154,6,"Synthesizing and analyzing literary, contextual, and cultural elements across diverse texts and historical frameworks",Literary and contextual synthesis in historical contexts,-0.02565790028953927
56,102,7,Synthesizing and analyzing literary and contextual elements for comprehensive understanding,Comprehensive literary and contextual analysis,0.00487514949418087
57,137,6,Analyzing and synthesizing thematic and narrative elements across diverse media for cultural and emotional insights,Thematic and narrative synthesis for cultural insights,
58,432,4,Narrating and interpreting culturally influenced thematic stories and identities,Cultural storytelling and identity interpretation,0.08308843744508183
59,186,5,Synthesizing and narrating culturally significant thematic stories,Culturally significant storytelling,-0.07258997004598629
60,103,6,"Creating immersive and insightful narratives through storytelling, analysis, and synthesis of symbolic, thematic, and cultural systems.",Crafting immersive cultural stories,
61,83,6,Synthesizing and conceptualizing culturally significant thematic narratives,Conceptualizing cultural narratives,-0.0760116950066092
62,246,5,"Analyzing and interpreting cultural, social, and personal influences and contexts on identity and artistic expressions",Cultural and personal influence analysis,-0.02151321296864185
63,215,6,"Analyzing and synthesizing cultural, social, and personal influences on identity, perception, and artistic expressions across diverse media and contexts",Influence synthesis on identity and art,0.12940732049585527
64,182,7,"Analyzing and synthesizing cultural and artistic expressions across diverse media, contexts, and influences",Synthesis of cultural and artistic expressions across media,0.1063467514545022
65,145,8,Analyzing and interpreting cultural contexts and expressions across diverse media and disciplines,Interpreting cultural contexts across media,0.07236005234072655
66,3429,3,"Facilitating adaptive, empathetic, and strategic communication and leadership across diverse and sensitive contexts.",Adaptive and empathetic leadership communication,0.5345261773063101
67,1255,4,"Facilitating adaptive, strategic, and empathetic multilingual communication and collaboration through active listening, cultural sensitivity, contextual analysis, and problem-solving across diverse contexts",Multilingual communication with cultural sensitivity,0.3955750351844455
68,889,5,"Cultivating adaptive, strategic, and empathetic multilingual communication and collaboration through active listening, cultural sensitivity, and problem-solving across diverse contexts",Adaptive multilingual collaboration,0.40081466792039927
69,519,6,"Cultivating adaptive, inclusive, and empathetic communication through active listening and cultural sensitivity",Adaptive inclusive communication through active listening,0.23926007988699524
70,306,7,"Cultivating adaptive, inclusive, and emotionally intelligent communication across diverse contexts",Emotionally intelligent communication in diverse contexts,0.17410191098846692
71,172,8,"Engaging in respectful, effective, and diverse communication strategies across multiple contexts","Respectful, diverse communication strategies",-0.12936287336766855
72,56,9,"Engaging in friendly, effective, and responsive communication across diverse contexts.",Responsive communication in diverse contexts,0.07047483572497257
73,134,8,"Facilitating adaptive, inclusive, and dynamic communication through emotionally intelligent, culturally sensitive, and playful interactions","Emotionally intelligent, culturally sensitive interactions",-0.07538281667476743
74,100,9,Facilitating adaptive and inclusive communication through emotionally intelligent and culturally sensitive interactions,"Adaptive, inclusive communication with emotional intelligence and cultural sensitivity",0.2883906807741656
75,213,7,Cultivating empathetic and adaptive communication through active listening and cultural sensitivity to foster meaningful interactions and relationships,Empathetic communication for meaningful relationships,-0.03158644504932005
76,370,6,"Facilitating strategic, empathetic, multilingual communication and collaboration with cultural sensitivity and problem-solving across diverse contexts",Strategic multilingual collaboration with cultural sensitivity,0.24301770997657896
77,227,7,"Facilitating and mastering strategic, empathetic, multilingual, and adaptable communication with cultural sensitivity and problem-solving across diverse contexts",Multilingual adaptable communication with cultural sensitivity,0.060778974111806904
78,86,8,Facilitating effective and empathetic multilingual and digital communication,Empathetic multilingual digital facilitation,-0.06951529993749708
79,68,9,Facilitating clear and empathetic multilingual communication of complex topics,Empathetic multilingual clarity,-0.07466533929465574
80,66,10,Facilitating adaptive and empathetic multilingual communication,Empathetic multilingual adaptation,-0.07425538923833072
81,61,11,Enhancing effective and personalized multilingual communication through organization and empathy,Empathetic multilingual personalization,-0.055093048094343074
82,60,12,Facilitating empathetic and personalized multilingual communication,Empathetic multilingual facilitation,-0.055093048094343074
83,141,8,"Mastering and enhancing strategic, multilingual, persuasive, empathetic, and adaptable communication techniques with cultural sensitivity and problem-solving across diverse international contexts.",Strategic multilingual communication mastery,0.027322704080944553
84,143,7,"Facilitating strategic and empathetic communication and collaboration through negotiation, problem-solving, and relationship-building across diverse contexts.",Strategic empathetic negotiation and relationship-building,0.06328948738086353
85,366,5,Facilitating strategic and empathetic communication through contextual analysis and interpretation,Contextual strategic communication,0.32351212575419286
86,64,6,Clarifying and facilitating effective communication through strategic analysis and interpretation,Strategic communication clarification,-0.14567158555494328
87,136,6,"Providing empathetic, accurate, and contextually relevant communication to deliver clear, informative, and engaging assistance across various topics.",Empathetic and informative communication,-0.23035315016262856
88,379,4,"Crafting clear, empathetic, and persuasive communications for diverse contexts and strategic purposes",Empathetic and persuasive communication crafting,0.4165547059347882
89,1072,4,Cultivating adaptive and empathetic leadership and emotional intelligence through strategic and supportive communication in diverse contexts and interpersonal dynamics,Adaptive leadership through empathetic communication,0.43839472260596496
90,578,5,Cultivating adaptive and integrative personal and leadership development through strategic communication and collaborative problem-solving across diverse contexts.,Adaptive leadership through collaborative problem-solving,0.30716993629456285
91,207,6,Cultivating integrative personal development and well-being through creative and adaptive practices,Integrative personal growth through creative practices,0.10364853671939511
92,113,7,Cultivating holistic development and well-being through integrative practices and positive habits,Holistic well-being via integrative habits,0.05684445898244439
93,94,7,Cultivating reflective and integrative personal development through creative inquiry and adaptive engagement,Reflective personal growth through creative inquiry,-0.06356417261637282
94,225,6,Cultivating inclusive and adaptive experiences through strategic communication and personal empowerment,Inclusive experiences via strategic empowerment,-0.10107188556977714
95,146,6,Cultivating strategic and adaptive leadership through innovative communication and collaborative problem-solving across diverse contexts and disciplines.,Adaptive leadership through innovative communication,0.2946000615232034
96,494,5,Cultivating empathetic emotional intelligence and resilience through strategic and supportive communication in diverse interpersonal dynamics,Empathetic resilience in diverse interactions,0.2623141665323379
97,100,6,Facilitating empathetic communication and support for mental health and emotional well-being,Support for mental health communication,-0.1439736312049468
98,94,7,Providing empathetic support and guidance for emotional well-being through active listening and communication,Empathetic support through active listening,-0.1439736312049468
99,723,4,"Facilitating inclusive, ethical, and strategic communication and engagement across diverse and sensitive contexts.",Inclusive and strategic communication in diverse contexts,-0.177130297382441
100,143,5,"Fostering respectful and inclusive communication about trust, accountability, boundaries, and consent",Respectful communication on trust and consent,0.004145578572057209
101,129,6,Cultivating respectful and inclusive communication while ensuring trust and accountability,Inclusive dialogue ensuring trust and accountability,-0.01543739370426193
102,127,7,"Cultivating respectful, inclusive, and professional communication while ensuring safety and respecting boundaries",Inclusive and professional communication with safety,-0.01543739370426193
103,163,5,Facilitating inclusive and respectful communication and dialogue through culturally sensitive and critical engagement.,Culturally sensitive dialogue facilitation,0.05282220874988317
104,88,6,"Facilitating inclusive, informed, and balanced dialogue through respectful, critical inquiry and collaborative engagement.",Inclusive dialogue through critical inquiry,0.11323450149542318
105,130,5,Facilitating empathetic and strategic communication on sensitive topics,Empathetic communication on sensitive issues,0.01084652289093281
106,119,6,"Navigating and facilitating sensitive topics with empathy, professionalism, and strategic communication",Empathetic and strategic facilitation,0.1699687214543456
107,82,7,"Navigating and facilitating sensitive discussions and topics with empathy, professionalism, and ethical consideration",Empathetic and ethical facilitation,0.09955378572620767
108,128,5,Cultivating ethical communication and decision-making across diverse contexts,Ethical decision-making in diversity,-0.01362998487391971
109,4531,3,"Crafting immersive, imaginative, and culturally resonant narratives and multimedia content across diverse contexts and platforms",Culturally resonant multimedia storytelling,0.7692361322585727
110,812,4,"Cultivating innovative and imaginative experiences through strategic storytelling, design, and multimedia creation",Innovative multimedia storytelling experiences,0.5251366824572495
111,97,5,"Crafting vivid, empathetic, and imaginative descriptions through sophisticated, emotionally resonant, sensory-rich, and evocative language",Evocative language descriptions,0.11553087557184404
112,1507,4,"Crafting immersive, culturally and ethically resonant narratives with dynamic character and storytelling development across diverse contexts",Immersive character-driven narratives,0.6359732084212854
113,1024,5,"Crafting diverse, engaging, and ethically resonant narratives and compositions",Diverse and ethically resonant compositions,0.5553864629326671
114,513,6,"Crafting diverse, engaging, and emotionally resonant narratives with thematic depth and ethical storytelling techniques","Diverse, engaging narratives with ethical depth",0.3319017782617046
115,261,7,"Crafting diverse, engaging, and structured narratives with thematic depth and creative storytelling techniques",Diverse and structured narrative crafting,-0.06837634587578277
116,139,8,"Crafting engaging, imaginative, and diverse narratives with thematic depth, educational elements, and creative storytelling techniques",Thematic depth with educational storytelling,-0.004386344633065127
117,252,7,Crafting emotionally resonant and transformative narratives through ethical storytelling and thematic reflection,Ethical and transformative storytelling,0.28189128076011244
118,133,8,"Crafting transformative and emotionally resonant narratives through ethical storytelling and personal, cultural, and philosophical reflection.",Ethical storytelling with personal and cultural reflection,
119,511,6,Crafting emotionally resonant and thematic narratives and compositions,Emotionally and thematically resonant narratives,0.22080186570396504
120,509,7,Crafting immersive and imaginative narratives with emotional depth and intricate themes,Imaginative narratives with emotional depth,0.22080186570396504
121,270,8,"Crafting immersive and transformative narratives with emotional depth, thematic exploration, dynamic characters, and innovative storytelling.",Transformative storytelling with emotional depth and dynamic characters,0.1724384737326055
122,137,9,"Crafting immersive and cohesive narratives with dynamic characters, emotional depth, thematic exploration, and innovative storytelling.",Cohesive narratives with dynamic characters and innovation,-0.03223291856101521
123,88,9,"Exploring and crafting transformative narratives through thematic and emotional depth, character development, and conflict resolution.",Transformative narratives with thematic and emotional depth,-0.19632767891583655
124,239,8,Crafting imaginative and complex narratives with intricate themes and characters,Complex narratives with intricate themes and characters,0.15274381207735713
125,216,9,"Crafting intricate, imaginative, and immersive narratives with complex themes, emotional depth, and transformative plots",Intricate narratives with emotional depth,0.19784070772834422
126,99,10,"Crafting intricate and immersive narratives intertwining political, technological, historical, cultural, cosmic, existential, ethical, and thematic dynamics with complex world-building, character development, and elements of nature, mythology, and redemption.",Complex world-building and thematic narrative crafting,
127,117,10,"Crafting imaginative, surreal, and humorous narratives with complex themes, emotional depth, and transformative plots",Surreal and humorous narrative crafting,-0.0494226559915235
128,95,11,"Crafting imaginative and engaging narratives with vivid character development, diverse themes, emotional depth, and transformative plots",Imaginative narratives with emotional depth and transformative plots,-0.043218751147579525
129,245,5,Crafting culturally and emotionally rich narratives with dynamic character development and thematic depth,Culturally rich narratives with character depth,-0.12310489404174428
130,172,6,Crafting captivating and culturally nuanced narratives and dialogue,Culturally nuanced storytelling and dialogue,-0.07983381415710918
131,171,7,"Crafting immersive, emotionally resonant narratives with culturally nuanced dialogue.","Emotionally immersive, culturally rich storytelling",-0.07983381415710918
132,170,8,"Crafting immersive, emotionally resonant, character-driven narratives with engaging, culturally nuanced dialogue and distinct voices.",Character-driven narratives with distinct voices,-0.07983381415710918
133,238,5,Crafting immersive and engaging narrative experiences with dynamic storytelling and collaborative development across diverse contexts,Immersive storytelling in diverse contexts,0.16556066185400764
134,108,6,Crafting immersive and engaging narratives with dynamic character development and rich world-building across diverse contexts and purposes,Dynamic characters and world-building,0.15571109067159886
135,55,7,Crafting immersive and engaging narratives across diverse contexts and purposes,Narratives for diverse contexts and purposes,-0.12829680078493008
136,92,6,Crafting immersive and interactive narrative experiences through dynamic storytelling and collaborative development,Interactive storytelling and collaboration,0.10640586430700939
137,671,4,"Crafting engaging, humorous, and imaginative content through diverse storytelling, wordplay, and cultural nuances across various themes and formats",Humorous and imaginative storytelling,0.4261949413413196
138,166,5,Crafting inventive and humorous wordplay and puns across diverse themes,Inventive wordplay and puns,0.2113248021805831
139,105,5,Crafting humorous and satirical narratives with irony and literary commentary,Satirical narratives with irony and commentary,-0.16503127639059487
140,136,5,"Crafting engaging and humorous narratives through clever wordplay, diverse storytelling techniques, and imaginative thematic integration.",Clever wordplay and thematic storytelling,-0.03960728034662258
141,819,4,Crafting imaginative and culturally resonant narratives while managing technical projects,Culturally resonant narrative management,0.5053177760019932
142,261,5,Crafting emotionally resonant and culturally rich artistic compositions with imaginative and vivid narratives,Emotionally rich artistic compositions,0.01020555106155979
143,144,6,Crafting diverse and emotionally resonant artistic compositions through imaginative and analytical techniques,Diverse artistic compositions through analysis,
144,558,5,Crafting imaginative and culturally resonant poetic narratives while managing technical projects,Poetic narratives in technical projects,0.41047973592739856
145,353,6,"Crafting diverse, imaginative, and culturally resonant poetry while managing technical projects",Culturally resonant poetry in technical projects,0.006137164119322157
146,68,7,Crafting thematically rich and rhythmically precise poetry with creative constraints and vivid imagery,Thematically rich poetry with vivid imagery,
147,143,7,Crafting diverse and imaginative poetry and managing Python projects,Diverse poetry and Python project management,0.16221308391265962
148,205,6,Crafting vivid and imaginative poetic narratives through expressive and rhythmic language,Expressive and rhythmic poetic narratives,0.07916390948403766
149,178,7,Crafting vivid and evocative imagery through poetic and rhythmic expression,Evocative imagery through rhythmic expression,0.09842678375967921
150,722,4,"Crafting comprehensive, engaging, and inclusive multimedia and written content for diverse audiences and purposes across various contexts and platforms.",Inclusive multimedia content creation,0.3482170775661161
151,69,5,Crafting inclusive and innovative content through ethical and technologically supported practices,Innovative and ethical content creation,0.07194647419571636
152,91,5,Crafting persuasive and comprehensive written communications across diverse contexts and audiences,Comprehensive written communications,
153,148,5,"Creating engaging, comprehensive, and inclusive multimedia content for diverse platforms and audiences",Inclusive multimedia content creation,0.03529243248927929
154,96,6,"Crafting engaging, comprehensive, and inclusive content across diverse platforms and audiences",Inclusive content creation for diverse platforms,0.16267511828035894
155,109,5,"Crafting comprehensive, engaging, and structured content across diverse topics and formats.",Engaging content across topics and formats,-0.0024557648720447463
156,67,6,"Crafting concise, engaging, and informative content across diverse domains","Concise, engaging domain content",
157,105,5,"Crafting persuasive, inclusive, and strategic communication and marketing content for diverse audiences and purposes",Persuasive and inclusive marketing communication,-0.03066657580287297
158,30167,2,"Synthesizing and optimizing interdisciplinary and computational techniques for innovative, strategic, and scalable solutions.",Interdisciplinary and computational technique optimization,0.9186507936507936
159,16229,3,Synthesizing and optimizing interdisciplinary knowledge and systems for innovative and strategic decision-making.,Optimizing interdisciplinary systems for strategic decisions,0.8382936507936508
160,6507,4,Synthesizing and integrating comprehensive interdisciplinary knowledge and strategies across diverse domains for innovative and ethical analysis and optimization.,Innovative integration of interdisciplinary knowledge,0.7440476190476191
161,898,5,"Ensuring comprehensive and ethical analysis, integration, and management across diverse domains and frameworks",Ethical domain integration management,0.14329637434322043
162,135,6,Facilitating interdisciplinary and strategic collaboration for ethical global solutions and comprehensive planning across diverse frameworks,Interdisciplinary collaboration for global solutions,0.16956156135971892
163,68,7,Facilitating interdisciplinary collaboration for inclusive and ethical global solutions through research and engagement,Interdisciplinary collaboration for ethical global solutions,0.12801442366949561
164,316,6,"Integrating and evaluating ethical considerations across diverse professional, technological, and societal contexts",Ethical integration across contexts,-0.06649429956030016
165,125,6,"Ensuring comprehensive digital security, compliance, and ethical management",Digital security and ethical management,-0.003683634812040998
166,128,6,"Ensuring comprehensive compliance and risk mitigation across environmental, safety, legal, and ethical domains",Comprehensive compliance and risk mitigation,-0.13629448804551694
167,1822,5,"Conducting comprehensive research, analysis, and synthesis across diverse historical, cultural, political, scientific, technological, and informational domains.",Diverse domain research synthesis,0.6066312248816763
168,162,6,"Researching, analyzing, and synthesizing political and historical information and leadership contexts.",Political and historical leadership analysis,-0.3590517639692519
169,223,6,"Conducting and curating comprehensive research and analysis of diverse geographical, socio-economic, historical, cultural, demographic, geopolitical, recreational, and culinary information and experiences.",Geographical and socio-economic curation,0.26084961202450885
170,128,7,"Conducting comprehensive research and analysis of geographical, socio-economic, historical, cultural, demographic, geopolitical, and culinary information.","Analyzing geographical, socio-economic, and historical data",
171,224,6,"Researching, analyzing, and synthesizing comprehensive information about influential figures and their impacts across historical, cultural, technological, scientific, literary, and media domains.",Influential figures impact research,-0.32814458183544265
172,381,6,"Researching, analyzing, and synthesizing historical, political, literary, and cultural developments and information across diverse fields, contexts, and domains",Historical and cultural development analysis,0.303060257181662
173,306,7,"Researching, analyzing, and synthesizing historical, political, literary, and cultural information across diverse contexts and domains","Analyzing diverse historical, political, literary, and cultural contexts",0.279203412326113
174,101,8,Synthesizing and analyzing historical and cultural contexts and data across diverse domains and practices,Cultural context analysis across domains,0.061206647892641096
175,178,8,"Researching, analyzing, and synthesizing historical and political information across diverse contexts and themes",Political information synthesis across themes,-0.02781914929765171
176,284,6,"Conducting comprehensive interdisciplinary research and analysis to synthesize, interpret, and communicate complex information across diverse domains and cultures.",Interdisciplinary cultural synthesis,0.3813863632684538
177,140,7,"Conducting comprehensive and multidisciplinary research and analysis while effectively communicating organized and verified information on complex systems, socio-economic issues, and various organizational and communication aspects.",Communicating multidisciplinary research on complex systems.,0.20355267563034488
178,53,8,"Conducting comprehensive and multidisciplinary research and analysis on complex systems, programs, socio-economic issues, individuals, organizations, and empirical evidence.",Multidisciplinary analysis of complex systems,-0.13091876497307772
179,277,6,"Conducting comprehensive research, analysis, and synthesis across diverse informational domains and sectors",Informational sector synthesis,0.10228085091013386
180,183,6,"Conducting comprehensive research and analysis across diverse scientific, historical, environmental, and technological domains.",Scientific and technological domain analysis,0.10940810991140743
181,78,7,"Synthesizing and integrating diverse research and information across culinary, botanical, biological, and ecological domains",Culinary and ecological synthesis,-0.0811097018448872
182,59,8,Researching and synthesizing comprehensive biological and ecological information across diverse species and systems.,Biological and ecological research integration,-0.093850193435383
183,1563,5,Synthesizing and optimizing diverse strategies and experiences for comprehensive evaluation and innovation,Strategy optimization and innovation,0.5688032029901461
184,153,6,Curating and optimizing personalized travel and lifestyle experiences,Personalized travel and lifestyle curation,0.10872984318135169
185,233,6,Conducting comprehensive evaluations and analyses for sustainable optimization and adaptability across diverse systems and environments.,Sustainable system evaluation and adaptability,0.20198099618247428
186,399,6,Synthesizing and evaluating diverse perspectives and systems for strategic growth and development,Perspective synthesis for strategic growth,0.12215550234283501
187,118,6,"Evaluating, analyzing, and recommending diverse media and content strategies for engagement and innovation",Media strategy evaluation for engagement,-0.08206909656454113
188,381,6,Optimizing and evaluating diverse experiences and options through analysis and innovation,Diverse experience optimization through analysis,-0.07381473580652179
189,79,7,Enhancing culinary and beverage experiences through sensory analysis and evaluation,Sensory-driven culinary enhancement,0.15779368944371697
190,148,7,Assessing and optimizing preferences and trends for personalized and innovative solutions across diverse contexts,Personalized trend optimization,0.33510691574888324
191,154,7,"Evaluating and comparing options based on performance, value, and specific criteria",Performance-based option comparison,0.1592223464501008
192,279,6,"Synthesizing and executing comprehensive strategic initiatives for innovative market, financial, and leadership opportunities.",Strategic initiative synthesis for market and leadership innovation,0.11171854149269911
193,1088,5,"Synthesizing and communicating comprehensive interdisciplinary knowledge and insights across cultural, biological, and geographical domains.",Interdisciplinary knowledge synthesis,0.5823319558809208
194,164,6,"Analyzing, categorizing, and synthesizing diverse cultural, informational, and contextual elements",Cultural and contextual synthesis,0.10827297909695581
195,132,6,Synthesizing and articulating comprehensive geographical knowledge and insights,Geographical knowledge articulation,0.10098106063559402
196,158,6,Synthesizing and organizing interdisciplinary information for comprehensive knowledge development,Interdisciplinary knowledge organization,-0.11978222204684609
197,84,7,Conducting comprehensive and interdisciplinary information analysis and synthesis for enhanced knowledge development and resource optimization.,Interdisciplinary information analysis,-0.12591131218673468
198,269,6,"Synthesizing and communicating comprehensive, accurate, and contextually relevant information through strategic inquiry and data integration.",Strategic inquiry and data integration,0.0952732050923096
199,199,7,"Synthesizing and delivering comprehensive, contextually relevant, and accurate information through effective communication, strategic inquiry, and data integration.",Effective communication through strategic inquiry and data integration,0.2353697628738828
200,155,6,"Synthesizing and communicating comprehensive interdisciplinary knowledge and analysis across scientific, cultural, and digital domains.",Interdisciplinary scientific and cultural synthesis,0.20226775539180977
201,1136,5,Conducting comprehensive analyses and integrations of health-related data and strategies for personalized healthcare optimization and intervention.,Personalized healthcare data integration,0.5453767387598862
202,59,6,Evaluating and recommending musculoskeletal health and orthopedic solutions,Musculoskeletal health solutions,0.08153688226810184
203,126,6,"Conducting interdisciplinary research and comprehensive evaluations in healthcare, molecular biology, and related sciences.",Interdisciplinary healthcare research,0.20210055581811603
204,132,6,Enhancing health and wellness through comprehensive environmental and personalized evaluation and intervention strategies,Environmental health intervention,0.14093294908818124
205,151,6,"Analyzing and synthesizing complex physiological, demographic, biomedical, biological, biochemical, and genetic data for comprehensive health insights and therapeutic applications",Complex health data synthesis,-0.2880436663442053
206,95,7,"Analyzing and synthesizing complex physiological, demographic, and biomedical data for comprehensive health and developmental insights",Physiological and demographic data synthesis for health insights,-0.12053995320480533
207,247,6,Conducting comprehensive evaluations and integrations for informed healthcare decision-making and improvement.,Healthcare decision-making integration,0.10364853671939511
208,98,6,Analyzing and optimizing visual health through personalized data interpretation and treatment strategies,Personalized visual health analysis,0.14747990286924437
209,71,7,Analyzing and interpreting medical data to manage myopia progression and provide personalized eye care recommendations,Personalized myopia management and eye care recommendations,-0.023981435961206422
210,208,6,Analyzing and optimizing nutritional strategies and interactions for health and development management,Nutritional strategy optimization,0.2671997874473474
211,156,7,"Analyzing and optimizing dietary and nutritional strategies for safety, quality, health, and development management",Optimizing dietary strategies for health and safety,0.11780301787479032
212,9722,4,"Analyzing, synthesizing, and optimizing complex interdisciplinary data and systems across diverse contexts for strategic decision-making and comprehensive understanding.",Strategic synthesis of complex interdisciplinary data,0.8392857142857143
213,1332,5,"Analyzing, optimizing, and integrating complex systems and technologies across diverse domains for performance, efficiency, and strategic development.",Systems and technology integration,0.7030547432202868
214,261,6,Analyzing and optimizing complex systems and strategies for comprehensive improvement and integration,Comprehensive system strategy optimization,0.13607843235677644
215,96,6,"Analyzing and evaluating AI systems and methodologies for performance, optimization, ethical considerations, and strategic development across diverse frameworks and industries.",AI system performance and ethics evaluation,0.01893328268308325
216,112,6,Analyzing and optimizing computational and machine learning systems and techniques,Machine learning system analysis,0.10133891838762799
217,140,6,"Analyzing and optimizing complex systems for performance, efficiency, resilience, and safety",System performance and safety optimization,0.18277568909622413
218,138,6,"Conducting comprehensive analyses and evaluations of programming and software technologies for compatibility, integration, and performance assessment.",Software technology compatibility evaluation,0.2787926052790989
219,82,7,Analyzing and evaluating software and web technologies for integration and troubleshooting,Software and web technology integration analysis,0.08568930704969752
220,71,8,"Analyzing, synthesizing, and evaluating software systems, methodologies, information, licensing, and design environments for integration, compliance, and usability",Software systems integration analysis,0.08568930704969752
221,162,6,Integrating and evaluating complex technological and legal frameworks,Technological and legal framework integration,0.037966352665878625
222,124,7,"Analyzing, synthesizing, and integrating complex technological information and advancements across diverse contexts",Integrating complex technological advancements,0.12860182011625004
223,161,6,Analyzing and optimizing technological systems and performance metrics across diverse domains and specifications.,Technological system performance analysis,-0.05470405495570371
224,125,6,Enhancing analytical and optimization capabilities in complex systems through mathematical and computational techniques,Mathematical and computational system optimization,0.1404554192264835
225,1373,5,Synthesizing and optimizing complex interdisciplinary reasoning for comprehensive understanding and strategic decision-making,Interdisciplinary reasoning optimization,0.6355674686584085
226,708,6,Synthesizing and analyzing complex interdisciplinary concepts and principles for comprehensive understanding and effective communication.,Interdisciplinary concept analysis,0.39576637401951337
227,72,7,"Synthesizing, analyzing, and communicating complex scientific concepts and principles for diverse audiences and societal advancement",Communicating scientific concepts for societal impact,0.06679261540989563
228,123,7,"Integrating and synthesizing ethical reasoning, strategic empathy, and diverse perspectives for autonomous and effective decision-making.",Integrating ethical reasoning and empathy,
229,143,7,Analyzing and synthesizing complex interdisciplinary concepts and information for comprehensive understanding and development.,Developing interdisciplinary understanding,0.0017105266859692846
230,125,7,Analyzing and synthesizing complex interdisciplinary and philosophical concepts and arguments,Synthesizing philosophical concepts and arguments,0.010222488655439784
231,77,8,Analyzing and synthesizing complex philosophical concepts and arguments for comprehensive understanding and ethical discernment.,Philosophical argument analysis,0.044296165048594294
232,108,7,Synthesizing and interpreting complex interdisciplinary and cognitive structures,Interpreting interdisciplinary cognitive structures,0.15790840679034454
233,94,8,Synthesizing and communicating complex interdisciplinary concepts and relationships,Communicating interdisciplinary concepts,-0.009372300360872044
234,665,6,Synthesizing and optimizing complex reasoning and problem-solving for strategic decision-making and coherent solutions,Strategic problem-solving synthesis,0.4452978964493865
235,329,7,Analyzing and synthesizing logical arguments and problems for coherence and solution through reasoning and inference,Coherent solutions via logical argument analysis,0.2860301076649277
236,135,8,"Analyzing and synthesizing logical arguments and information for coherence, clarity, and validity",Coherent argument analysis and synthesis,0.08084520834544433
237,194,8,Analyzing and solving logical problems through reasoning and inference,Logical problem-solving through reasoning,0.3616851048317983
238,175,9,Analyzing and synthesizing logical relationships and conclusions through reasoning and inference,Reasoning and inference,0.356941970547526
239,98,7,Synthesizing and optimizing complex mathematical reasoning and problem-solving in diverse contexts,Optimizing mathematical reasoning in varied contexts,0.09466641341541625
240,238,7,Analyzing and synthesizing complex information for strategic decision-making and problem-solving,Strategic decision-making through complex information synthesis,0.01466884810469285
241,63,8,Analyzing and evaluating complex scenarios and relationships for insights and implications,Scenario analysis for insights and implications,-0.05514467945790073
242,514,5,Analyzing and optimizing strategic decision-making across diverse and competitive environments,Competitive strategic decision-making,0.3066146998788493
243,77,6,Analyzing and strategizing for optimized decision-making in diverse and competitive scenarios,Strategic decision-making in diverse scenarios,0.00340739731143033
244,154,6,"Analyzing and synthesizing gaming elements and trends across genres, platforms, and contexts",Gaming trends analysis across platforms,0.32038758112323584
245,140,6,Analyzing and optimizing performance metrics across diverse domains and sports,Performance metrics optimization in sports,-0.07125566250531648
246,120,7,Analyzing and enhancing sports performance through strategic assessment and optimization,Strategic sports performance enhancement,0.05138130190557958
247,143,6,Analyzing and optimizing strategic decision-making in competitive game environments,Strategic decision-making in competitive games,0.35347360911922376
248,162,5,Analyzing and synthesizing relational and familial dynamics and performing arithmetic reasoning,Relational dynamics and arithmetic reasoning,0.07022948539547705
249,1087,5,"Analyzing and synthesizing complex data and systems across diverse scientific, environmental, and physical contexts for informed decision-making and optimization.",Scientific and environmental data synthesis,0.52309710898086
250,150,6,"Analyzing and synthesizing complex systems and relationships across scientific, theoretical, physical, and mathematical contexts",Complex system relationship synthesis,-0.19153011712702292
251,99,7,"Analyzing and synthesizing complex scientific, theoretical, and physical systems and phenomena",Scientific and physical systems analysis,0.019078890022466804
252,180,6,Analyzing and synthesizing spatial relationships and data for pattern identification and strategic optimization,Spatial data pattern optimization,0.2356714581598523
253,127,7,"Analyzing and interpreting spatial relationships, object permanence, and geometric structures across various contexts and dimensions",Spatial relationship and geometry interpretation,-0.13871519569396615
254,82,6,"Analyzing and interpreting complex visual, temporal, and scientific phenomena across diverse contexts",Complex phenomena interpretation,-0.00340739731143033
255,154,6,Analyzing and synthesizing complex scientific data using advanced techniques and theories,Advanced scientific data synthesis,0.032186969972351175
256,130,7,Analyzing and synthesizing complex astronomical and extraterrestrial data using advanced techniques and machine learning,Astronomical data synthesis with machine learning,0.03903243440134936
257,92,6,Analyzing and synthesizing the dynamics and effects of physical forces and interactions across various systems and environments.,Dynamics of physical forces synthesis,-0.03795752759875042
258,126,6,Analyzing and interpreting complex environmental data for informed decision-making and sustainable solutions,Environmental data analysis for sustainability,0.16023748270444454
259,100,6,Analyzing and interpreting chemical and atomic structures and interactions for comprehensive evaluation and prediction of properties and behaviors,Chemical and atomic structure analysis,-0.03748137042573363
260,1268,5,Synthesizing and analyzing complex data for strategic insights and decision-making,Strategic data insights,0.6167592151715874
261,222,6,"Analyzing, synthesizing, and visualizing complex data for actionable insights and effective management across diverse systems and formats.",Data visualization for actionable insights,0.19158446236063187
262,281,6,Analyzing and synthesizing data for informed decision-making and pattern recognition,Data analysis for informed decisions,0.24714569254841595
263,114,6,Synthesizing and interpreting complex data patterns and trends for comprehensive analysis and forecasting,Data pattern interpretation for forecasting,0.030586891633556632
264,165,6,Optimizing data-driven strategic insights through advanced analysis and pattern recognition,Advanced analysis for strategic insights,-0.22696782369146307
265,147,7,"Leveraging data analysis and machine learning for system optimization, model development, and strategic predictive insights",Machine learning for predictive insights,-0.2250928134045298
266,82,8,Leveraging data analysis and machine learning for system optimization and model development,System optimization and model development,
267,185,6,Analyzing and interpreting numerical data and relationships for problem-solving and pattern recognition,Numerical data analysis for problem-solving,0.33345480101394864
268,57,7,Analyzing and interpreting numerical data for logical conclusions and problem-solving,Logical conclusions from numerical data,-0.02177517781546711
269,132,6,Analyzing and synthesizing diverse and complex data and information across various domains for comprehensive insights and decision-making,Comprehensive data synthesis for decision-making,0.029774566708770687
270,104,7,Analyzing and synthesizing complex data and information for comprehensive insights and decision-making,Deriving insights from complex data,0.06435990339841242
271,73,8,Analyzing and synthesizing complex information for comprehensive insights and decision-making,Complex information analysis for decision-making,
272,1084,5,Analyzing and synthesizing complex interdisciplinary data and systems for comprehensive understanding and adaptive management across diverse contexts,Interdisciplinary data management,0.5669933698743588
273,292,6,"Analyzing, synthesizing, and integrating complex interdisciplinary dynamics and insights for comprehensive understanding and adaptive engagement",Interdisciplinary dynamics and insights integration,0.36469963930956545
274,92,6,"Analyzing and synthesizing musical elements, structures, and contexts across diverse genres and influences",Musical structure and genre analysis,-0.04842742776412872
275,238,6,"Analyzing and synthesizing complex physiological, biochemical, and medical data for comprehensive interpretation and optimization across biological systems and contexts",Physiological and medical data optimization,0.39551201254338114
276,163,6,Analyzing and synthesizing complex biological and biochemical data and systems through interdisciplinary methods and integrative approaches,Interdisciplinary biochemical data integration,0.18063237136654214
277,946,5,"Analyzing and interpreting complex, diverse, and multilingual information across various contexts and domains for comprehensive understanding and response formulation.",Multilingual information interpretation,0.44856782963265546
278,89,6,Analyzing and interpreting linguistic patterns and data for comprehensive understanding and quantification,Linguistic pattern quantification,-0.08011874135222227
279,71,7,Analyzing and categorizing linguistic and letter patterns for comprehensive understanding,Categorizing linguistic patterns,-0.1042729499062456
280,117,6,Interpreting and analyzing complex terminology across diverse contexts,Complex terminology interpretation,
281,176,6,Synthesizing and analyzing diverse information using advanced techniques for comprehensive understanding and accurate response formulation across various domains.,Advanced synthesis for accurate responses,0.3184794463280801
282,125,6,Analyzing and interpreting complex and diverse information across various contexts and formats,Contextual information analysis,0.20098688560139097
283,125,6,Conducting comprehensive linguistic analysis and interpretation,Comprehensive linguistic analysis,-0.026919095102908273
284,105,7,Performing detailed linguistic analysis and refinement,Detailed linguistic refinement,0.04144859456973817
285,905,5,"Analyzing, synthesizing, and optimizing financial, strategic, and economic data for compliance, growth, and sectoral impact evaluation",Financial and economic data optimization,0.4930551346901579
286,259,6,Analyzing and synthesizing economic and pricing data for sectoral impact and demand elasticity evaluation,Economic data analysis for sectoral impact evaluation,0.026738614923377733
287,122,7,Analyzing and synthesizing pricing and economic data across sectors and regions,Sectoral and regional pricing data synthesis,-0.10237813937779829
288,119,8,Analyzing and synthesizing economic and market data for informed decision-making,Economic and market data synthesis,-0.10093932102732914
289,137,7,Analyzing and synthesizing economic data for impact assessment and demand elasticity evaluation,Economic impact and demand elasticity analysis,-0.09417419115948375
290,136,8,"Analyzing and synthesizing economic, technical, and environmental data and trends for comprehensive impact assessment",Comprehensive economic impact analysis,-0.09417419115948375
291,394,6,"Analyzing and optimizing financial and strategic information for compliance, risk management, and decision-making",Financial analysis for compliance and risk management,0.2973366879368071
292,104,7,Optimizing financial strategies and risk management across markets,Market strategy optimization,
293,161,7,Analyzing and synthesizing financial data and systems for strategic insights and compliance,Strategic data synthesis,-0.0530710570497722
294,104,8,Analyzing and synthesizing data and financial information for strategic insights and management,Data-driven strategic financial insights,
295,252,6,Synthesizing and optimizing strategic data analysis for comprehensive growth and insights,Strategic data synthesis for growth insights,0.1264644851065547
296,115,7,Synthesizing and optimizing strategic analysis and decision-making for comprehensive business growth and adaptation,Strategic business growth decision-making,-0.140307389584906
297,108,7,Analyzing and optimizing data-driven economic and market strategies for strategic growth and differentiation,Data-driven economic strategy optimization,
298,1051,5,"Analyzing and synthesizing complex interdisciplinary, socio-political, historical, cultural, and strategic dynamics and contexts for informed decision-making and conflict resolution.",Socio-political and cultural dynamics analysis,0.4887233301512874
299,199,6,"Analyzing and synthesizing complex geopolitical, historical, and strategic information for conflict resolution and strategic diplomacy.",Geopolitical and strategic information for diplomacy,0.06907739220182817
300,65,7,Analyzing and synthesizing complex geopolitical and strategic information and relationships through strategic diplomacy and conflict resolution.,Strategic diplomacy in geopolitical analysis,
301,269,6,Analyzing and synthesizing complex interdisciplinary dynamics and systems for strategic and informed decision-making across diverse contexts,Interdisciplinary systems for strategic decisions,-0.2779711974839169
302,131,6,Analyzing and synthesizing complex frameworks and implications across diverse contexts,Frameworks and implications across contexts,0.015207476616811839
303,216,6,"Analyzing and synthesizing complex socio-political, historical, and ideological dynamics and contexts",Socio-political and ideological context synthesis,0.13331130022844304
304,236,6,"Analyzing and synthesizing historical, cultural, and contextual influences and dynamics",Historical and cultural dynamics analysis,0.14062263035066114
305,13938,3,"Optimizing and integrating advanced computational, mathematical, and interdisciplinary techniques for scalable, secure, and innovative solutions across diverse domains and platforms.",Integrating advanced techniques for scalable solutions,0.8492063492063492
306,1687,4,"Optimizing and managing secure, scalable, and diverse digital and technological environments through automation, integration, and customization.",Secure digital environment management,0.7096479508146959
307,341,5,"Integrating and optimizing comprehensive management of decentralized systems, software, and data processes across diverse environments and platforms.",Decentralized systems integration and management,0.08680596722324063
308,247,5,"Optimizing and managing technological solutions, system performance, and configurations across diverse environments and platforms.",System performance and configuration optimization,0.26532933270120984
309,69,6,"Managing and optimizing system performance, integrity, and functionality through comprehensive analysis, troubleshooting, and configuration management across various architectures and environments.",Enhancing system performance and integrity,
310,373,5,Automating and managing diverse digital environments and operations through command-line scripting and customization,Command-line automation for digital environments,0.2676579679240614
311,223,5,"Managing and optimizing scalable, secure cloud and IT infrastructures through automation, configuration, and deployment across diverse environments and platforms.",Automated cloud and IT infrastructure management,-0.053824895183955404
312,244,5,"Optimizing and managing electronic, communication, and network systems for security and efficiency across platforms",Efficient network and communication systems,0.46145009114789126
313,124,6,Enhancing and managing electronic and communication systems through optimization and dynamic configuration techniques,Dynamic configuration of electronic communication systems,-0.23621156255624742
314,106,7,Integrating and optimizing electronic and communication systems for diverse applications and safety control,System integration and optimization,0.02317176664583236
315,259,5,"Ensuring comprehensive cybersecurity, privacy, and ethical compliance through secure data management and cryptographic techniques",Secure data management and compliance,0.20419287380668363
316,123,6,Enhancing secure data management and communication through comprehensive cybersecurity and cryptographic techniques,Secure data management with cryptographic techniques,
317,98,6,"Enhancing cybersecurity through comprehensive assessment, implementation, and ethical management strategies",Cybersecurity assessment and ethical management,-0.20973213566493845
318,1518,4,"Enhancing and integrating complex data and communication systems for optimized management across diverse platforms, formats, and domains",Data and communication system enhancement,0.6014832891478221
319,801,5,Enhancing and integrating complex data systems for optimized management and transformation across diverse platforms and environments,Platform-specific data management optimization,0.35517428193241796
320,91,6,Standardizing and transforming complex data formats for efficient cross-environment processing,Standardized data format transformation,0.08114944341538959
321,71,7,Structuring and standardizing complex data formats,Complex data format standardization,0.08088745090254372
322,253,6,"Enhancing and optimizing data management, transformation, and analysis techniques across diverse platforms and structures.",Optimized data management techniques,-0.029735367168788232
323,227,6,Integrating comprehensive and complex data systems across diverse domains and formats,Cross-domain data system integration,0.12394015299531022
324,147,7,Organizing and integrating comprehensive data and information systems across diverse domains and formats,Cross-domain data system organization,0.15835031350807202
325,230,6,Optimizing and managing complex and scalable data systems and environments,Scalable data system management,0.17400752462029706
326,110,7,Optimizing and managing complex and scalable database systems and functionalities,Scalable database systems optimization,-0.23672975730185994
327,120,7,Optimizing and mastering complex data management and manipulation across diverse databases and environments.,Complex data management across diverse environments,0.06836329072609322
328,88,8,Mastering advanced SQL techniques for comprehensive data management and manipulation across diverse environments.,Advanced SQL mastery for diverse data environments,-0.038791596534511266
329,717,5,Enhancing and integrating complex data and communication systems across multiple formats and domains,Cross-format and domain system integration,0.39639023156186487
330,96,6,Enhancing multilingual communication systems and resources,Multilingual communication enhancement,0.010093932102732916
331,64,7,Facilitating and enhancing multilingual communication and documentation accuracy across diverse contexts and systems,Multilingual communication accuracy,-0.06624956142499654
332,92,6,Encoding and transforming complex data and systems across formats and structures.,Transforming data formats,0.010579526327593982
333,101,6,"Utilizing advanced techniques for data validation, manipulation, and analysis",Data validation and analysis,-0.02385178118001231
334,96,6,Analyzing and synthesizing patterns in textual and numerical data,Synthesizing data patterns,0.10394383930128558
335,157,6,Analyzing and organizing diverse data and information systems across multiple domains.,Organizing cross-domain data systems,0.0858713556829686
336,1520,4,"Optimizing and integrating advanced computational techniques for scalable, secure, and efficient system solutions across diverse environments and programming languages.",Computational technique optimization,0.5406699291841301
337,980,5,"Optimizing and integrating advanced programming, computational, and digital systems for scalable and secure solutions across diverse environments.","Scalable, secure integration of digital systems",0.5141497863897508
338,728,6,"Mastering and optimizing advanced programming techniques and software development practices for scalable, modular, and high-quality solutions across diverse environments.","Optimizing programming for scalable, high-quality solutions",0.3990539437950778
339,116,7,Enhancing and optimizing software and design solutions through analysis and transformation across languages and frameworks.,Cross-language software analysis and transformation,0.09274622255030401
340,147,7,"Mastering and integrating advanced programming techniques and language-specific features for modular code, data management, and error handling across diverse programming environments.",Advanced modular programming techniques,0.2688426790949452
341,252,6,"Integrating and optimizing advanced computational, security, and digital systems across diverse environments",Integrating advanced systems for security and diversity,0.3520316297338181
342,110,7,Developing and integrating advanced programming techniques for system-level optimization and interactive software solutions across diverse environments.,Advanced programming for system optimization,0.09685498826514602
343,540,5,Optimizing and implementing advanced algorithmic and computational techniques for efficient data management and system performance across multiple programming languages.,Efficient algorithmic techniques for multi-language systems,0.37782129068537706
344,70,6,Implementing advanced computational and analytical techniques for problem-solving and system management,Advanced computational techniques for problem-solving,0.01890767985503133
345,836,4,Integrating and communicating complex interdisciplinary concepts across scientific and technological domains,Interdisciplinary concept integration,0.486561035329469
346,434,5,Integrating and explaining complex interdisciplinary systems and principles across scientific and technological domains,Explaining interdisciplinary systems and principles,0.20139889402807215
347,120,6,Explaining and integrating complex systems across diverse fields and contexts,Diverse field systems integration,
348,402,5,"Facilitating the clear and engaging communication of complex concepts across various domains through visual, analytical, and educational methods",Engaging communication of complex concepts,0.12670734468964354
349,117,6,Facilitating effective communication of complex interdisciplinary information,Interdisciplinary information communication,-0.1327615858566526
350,897,4,"Creating, optimizing, and managing scalable, secure, and interactive digital applications across diverse platforms using modern technologies, frameworks, and programming languages for seamless integration and automation.",Scalable digital application development,0.3324029809459322
351,514,5,"Creating and optimizing interactive, scalable, and secure digital and multimedia applications across diverse platforms using modern technologies and frameworks.",Interactive digital and multimedia application optimization,0.3437606067170793
352,330,6,"Designing and enhancing dynamic, interactive, and secure digital experiences and web applications through advanced data visualization, automation, customization, and optimization using modern frameworks and technologies.","Dynamic, secure digital experiences and web app design",0.06696391397229073
353,158,7,"Designing and implementing dynamic, interactive, and secure user interfaces and digital experiences with advanced data visualization and automation across diverse platforms.","Designing secure, interactive interfaces with advanced data visualization",0.18386389702565875
354,172,7,"Enhancing and developing web applications and interfaces through customization, optimization, automation, and dynamic techniques using HTML, CSS, JavaScript, and modern frameworks.",Customizing and optimizing web applications with modern frameworks,0.02578544368428699
355,184,6,Developing and optimizing interactive and scalable multimedia and game applications across diverse platforms and technologies.,"Interactive, scalable multimedia and game app development",0.2397654421830741
356,101,7,"Developing and optimizing interactive and scalable visual and multimedia applications using diverse programming, scripting, and design techniques.",Scalable multimedia applications development,0.09198600900533843
357,383,5,"Developing and managing scalable, secure, and interactive web and software applications using modern frameworks, diverse programming languages, and advanced technologies for cross-platform automation, data management, and seamless integration.",Scalable web and software application management,0.15835044767934345
358,107,6,"Developing and integrating scalable, interactive, and secure web and software applications using modern frameworks, diverse programming languages, and advanced technologies for cross-platform automation and data management.",Scalable web and software app development with automation,0.08110118326041325
359,736,4,"Mastering and leveraging Python for developing, managing, and optimizing secure, interactive, and comprehensive applications and systems across diverse domains, including data manipulation, analysis, visualization, multimedia processing, and cloud integration.",Python mastery for diverse applications,0.4022676468918752
360,137,5,Leveraging Python for comprehensive application development and system management across diverse domains,Comprehensive Python application and system development,0.07832670416745062
361,1597,4,Applying advanced mathematical and computational techniques for problem-solving and optimization across diverse domains.,Mathematical problem-solving techniques,0.6492017542896946
362,805,5,Executing advanced mathematical and computational operations for numerical modeling and optimization across diverse platforms.,Numerical modeling and optimization operations,0.5262234672779172
363,253,6,Conducting sophisticated mathematical and computational analyses for numerical modeling and cryptographic optimization.,Sophisticated modeling and cryptographic optimization,0.3681951313761586
364,146,7,Performing advanced mathematical and computational analyses and manipulations of numerical sequences and models.,Numerical sequence and model computation,0.17138386686906393
365,552,6,"Performing precise and advanced mathematical, numerical, and logical operations across diverse platforms and tools.",Advanced cross-platform mathematical operations,0.43114934485133294
366,231,7,Performing advanced and precise mathematical and numerical calculations and analyses across diverse platforms and systems,Advanced mathematical and numerical analyses,0.15645956923959886
367,321,7,Performing precise and optimized arithmetic and logical operations across various platforms and tools.,Optimized arithmetic and logical operations,0.1888581704580569
368,96,8,Executing complex mathematical and logical computations with precision and order.,Precise complex computations.,-0.054971750096434235
369,190,8,Performing comprehensive arithmetic and logical operations for problem-solving and communication,Comprehensive problem-solving operations.,0.11638727515076637
370,792,5,"Integrating and applying advanced mathematical reasoning, techniques, and problem-solving across diverse domains",Advanced mathematical reasoning and problem-solving,0.49776326561706186
371,109,6,"Applying advanced mathematical techniques for analysis, computation, and problem-solving across various mathematical domains.",Advanced techniques for analysis and computation across domains,0.05836178860568866
372,165,6,Mastering algebraic problem-solving and equation manipulation techniques,Algebraic problem-solving mastery,0.23783486661243564
373,189,6,Integrating and applying advanced mathematical concepts and techniques for problem-solving and educational content creation,Advanced math for problem-solving and content creation,0.10575316899440983
374,2858,4,Synthesizing and optimizing comprehensive and innovative strategies across diverse environments and domains,Innovative strategy synthesis,0.7250146725821046
375,706,5,"Integrating and optimizing innovative, sustainable, and advanced solutions across diverse technical, creative, and scientific domains.",Innovative sustainable solutions integration,0.4122205608182682
376,111,6,Integrating and optimizing innovative and sustainable engineering and design solutions through advanced technical expertise and multifunctional system development.,Sustainable engineering and design integration,0.0
377,612,5,Synthesizing and optimizing adaptive strategic techniques and operations across diverse environments and systems,Adaptive strategic operations synthesis,0.5114130791072852
378,238,6,Synthesizing adaptive strategic operations and expertise across diverse environments and systems,Synthesizing strategic operations across environments,-0.06376374664784137
379,224,6,"Integrating and mastering adaptive, innovative, and precise techniques for dynamic spatial, physical, and technical optimization across diverse environments.",Mastering adaptive techniques for diverse optimization,0.19266019856988328
380,150,6,Strategically optimizing and executing complex systems and scenarios for enhanced adaptability and efficiency,Optimizing complex systems for adaptability,0.20911124222099106
381,703,5,Facilitating strategic optimization and coordination across diverse environments and sectors,Strategic coordination across sectors,0.44530331665504264
382,91,6,Optimizing strategic systems and resource management for enhanced operational efficiency and problem-solving.,Strategic systems and resource optimization,-0.020121090914638342
383,94,6,"Facilitating adaptive and strategic solutions through personalized design, digital optimization, and technology integration across diverse environments and tasks",Personalized digital and technology integration,0.1679953081822846
384,444,5,Facilitating comprehensive and personalized wellness and lifestyle management strategies,Personalized wellness and lifestyle management,0.2222407014354861
385,393,5,Developing and refining comprehensive culinary and dietary strategies and techniques.,Culinary and dietary strategy refinement,-0.3679319225490627
386,118,6,Formulating comprehensive and adaptable dietary and culinary strategies.,Adaptable dietary strategy formulation,-0.07194647419571636
387,275,6,"Mastering and innovating diverse culinary, baking, and beverage techniques for optimal flavor, presentation, and safety.",Culinary and beverage technique innovation,0.1933985508666052
388,1290,4,"Analyzing and optimizing complex systems and data using advanced mathematical, statistical, and computational techniques",Complex systems and data optimization,0.5595423683380651
389,98,5,Analyzing and simulating dynamic physical systems using advanced physics principles and computational techniques,Dynamic physical systems simulation,0.16587771000501816
390,153,5,Calculating and optimizing time-related processes and metrics for efficiency and effectiveness,Time-related process optimization,-0.17324875324390476
391,165,5,"Integrating and analyzing complex spatial, mathematical, and scientific data","Spatial, mathematical, and scientific data integration",0.1579578853970507
392,107,5,Calculating and optimizing performance through analytical and probabilistic methods,Performance optimization with probabilistic methods,
393,105,5,Conducting advanced analysis and management of chemical and beverage processes,Chemical and beverage process management,0.04144859456973817
394,249,5,Calculating and analyzing quantitative and financial data using systematic and advanced methods,Quantitative and financial data calculation,0.3851353949605325
395,134,6,Calculating and analyzing quantities and totals through systematic and conditional methods,Systematic quantitative totals calculation,0.180017424079756
396,115,6,Calculating and analyzing comprehensive financial metrics and strategies using advanced quantitative methods and compliance management,Advanced financial metrics and compliance analysis,-0.0857142857142857
397,171,5,Analyzing and calculating complex systems and metrics across diverse contexts,Complex systems and metrics analysis,0.1388487185658827
398,89,5,Applying advanced mathematical and statistical techniques for comprehensive system analysis and optimization,Advanced mathematical and statistical system analysis,
399,999,4,Optimizing and integrating advanced machine learning and AI techniques for diverse applications and systems.,Advanced AI and ML integration,0.5050928821102855
400,174,5,Optimizing and managing advanced machine learning techniques for predictive modeling and data processing,Predictive modeling with machine learning techniques,-0.19612483574976028
401,115,5,Enhancing advanced algorithmic optimization and modeling techniques across diverse domains,Algorithmic optimization across domains,0.022318473999089785
402,92,5,Enhancing computational efficiency and resource optimization through scalable systems and advanced algorithmic techniques,Scalable systems for computational efficiency,-0.025408494051425364
403,165,5,"Designing, optimizing, and implementing advanced neural network architectures and techniques for diverse machine learning tasks and applications.",Advanced neural network architecture design,-0.13768941982951827
404,131,5,"Advancing and integrating optimized data processing and analysis techniques across digital media, image recognition, multi-sensor, and high-dimensional applications.",Optimized data processing for diverse applications,-0.13377378232150466
405,196,5,"Integrating and optimizing adaptive, personalized, and innovative AI and machine learning technologies for intelligent systems and data-driven solutions development.",Adaptive AI integration for intelligent systems,0.01068510845723951
